foldername,date
000_Online_Samples_Only,25-11-2025
001_8m_1e,25-11-2025
002_7Days_1e,25-11-2025
003_Arputham51,25-11-2025
004_MNV,25-11-2025
005_7days_2ndEdition,25-11-2025
006_Wedding_Viji-Sathish,25-11-2025
007_Sivapuranam_Thuneerupathigam_A7,25-11-2025
008_7m,25-11-2025
008_AgTevTu,25-11-2025
009_8th_2ed,25-11-2025
009_Wedding_Elangumaran,25-11-2025
010_EndrumInbam,25-11-2025
010_Wedding_Elangumaran,25-11-2025
011_9thThiru,25-11-2025
011_EndrumInbam,25-11-2025
012_8th_3rd_Edition,25-11-2025
012_9thThiru,25-11-2025
013-11m_Thirumurai,25-11-2025
014_8th_3rd_Edition,25-11-2025
014_Thalam3_Parthiban,25-11-2025
015_Thalam3_Parthiban,25-11-2025
015_திருக்கடைக்காப்பு,25-11-2025
016_Sivanaar_Thirukoil_Vazhipattu_Malar,25-11-2025
016_திருக்கடைக்காப்பு,25-11-2025
017_kundrathoor_kudamulukku,25-11-2025
017_Sivanaar_Thirukoil_Vazhipattu_Malar,25-11-2025
018_kundrathoor_kudamulukku,25-11-2025
018_Thevaram_Appar,25-11-2025
019_456-Appar-Thevaram,25-11-2025
019_அஞ்சனவிநாயகர்,25-11-2025
020_8th_4th_Edition,25-11-2025
020_அஞ்சனவிநாயகர்,25-11-2025
021_8th_4th_Edition,25-11-2025
021_PeriyaPuranam,25-11-2025
022_Agathiyar2ndEd,25-11-2025
022_PeriyaPuranam,25-11-2025
023_100thday,25-11-2025
023_Agathiyar2ndEd,25-11-2025
024_100thday,25-11-2025
024_7m2e,25-11-2025
025_7m-Thirumurai_2e,25-11-2025
025_Pradosam_6thYr,25-11-2025
026_12thirumurai,25-11-2025
026_Pradosam_6thYr,25-11-2025
027_Ella-Nalum+7days,25-11-2025
28,25-11-2025
0299_8th_5th_Edition,25-11-2025
0299_Nannaal_Theiva_Malargal,25-11-2025
33,25-11-2025
033_Thirumanthiram,25-11-2025
25_Saiva_Anuttanam_MUPESA,25-11-2025
33_123-2ndEd,25-11-2025
33_8th_5th_Edition,25-11-2025
33_From_Hidharm,25-11-2025
33_Nannaal_Theiva_Malargal,25-11-2025
33_Online_Samples_Only,25-11-2025
33_Saiva_Anuttanam_MUPESA,25-11-2025
From_Hidharm,25-11-2025
